-- Insert the initial data needed for the system
--USER
insert into USERS(ID, USER_TYPE, USERNAME, PASSWORD, FIRST_NAME, LAST_NAME, EMAIL) values (4, 'user', 'SENDER', '$2a$10$jmNF/DOY4MrkTb37KHBZP.uZo0OOTJLC.P30zqAY/OeU0N.Y0lxem', 'Bacem', 'Ghali', 'bghali@elm.sa');
insert into USERS(ID, USER_TYPE, USERNAME, PASSWORD, FIRST_NAME, LAST_NAME, EMAIL) values (1, 'CARRIER', 'quick', '$2a$10$jmNF/DOY4MrkTb37KHBZP.uZo0OOTJLC.P30zqAY/OeU0N.Y0lxem', 'Bacem', 'Ghali', 'bghali@elm.sa');
insert into USERS(ID, USER_TYPE, USERNAME, PASSWORD, FIRST_NAME, LAST_NAME, EMAIL) values (2, 'CARRIER', 'aymakan', '$2a$10$jmNF/DOY4MrkTb37KHBZP.uZo0OOTJLC.P30zqAY/OeU0N.Y0lxem', 'Bacem', 'Ghali', 'bghali@elm.sa');
insert into USERS(ID, USER_TYPE, USERNAME, PASSWORD, FIRST_NAME, LAST_NAME, EMAIL) values (3, 'CARRIER', 'tard', '$2a$10$jmNF/DOY4MrkTb37KHBZP.uZo0OOTJLC.P30zqAY/OeU0N.Y0lxem', 'Bacem', 'Ghali', 'bghali@elm.sa');


--CARRIER
insert into CARRIER(ID, NAME) values (1, 'Quick');
insert into CARRIER(ID, NAME) values (2, 'Aymakan');
insert into CARRIER(ID, NAME) values (3, 'Tard');

--SHIPPING_RATES
    --Quick
insert into SHIPPING_RATE(DELIVERY_LOCATION, WEIGHT_CATEGORY, CASH_ON_DELIVERY, PRICE, CARRIER_ID) values ('INSIDE_CITY', 'KG_0_15', 0, 20, 1);
insert into SHIPPING_RATE(DELIVERY_LOCATION, WEIGHT_CATEGORY, CASH_ON_DELIVERY, PRICE, CARRIER_ID) values ('INSIDE_CITY', 'KG_0_15', 1, 25, 1);
insert into SHIPPING_RATE(DELIVERY_LOCATION, WEIGHT_CATEGORY, CASH_ON_DELIVERY, PRICE, CARRIER_ID) values ('INSIDE_CITY', 'KG_15_30', 0, 30, 1);
insert into SHIPPING_RATE(DELIVERY_LOCATION, WEIGHT_CATEGORY, CASH_ON_DELIVERY, PRICE, CARRIER_ID) values ('INSIDE_CITY', 'KG_15_30', 1, 35, 1);
insert into SHIPPING_RATE(DELIVERY_LOCATION, WEIGHT_CATEGORY, CASH_ON_DELIVERY, PRICE, CARRIER_ID) values ('OUTSIDE_CITY', 'KG_0_15', 0, 40, 1);
insert into SHIPPING_RATE(DELIVERY_LOCATION, WEIGHT_CATEGORY, CASH_ON_DELIVERY, PRICE, CARRIER_ID) values ('OUTSIDE_CITY', 'KG_0_15', 1, 45, 1);
insert into SHIPPING_RATE(DELIVERY_LOCATION, WEIGHT_CATEGORY, CASH_ON_DELIVERY, PRICE, CARRIER_ID) values ('OUTSIDE_CITY', 'KG_15_30', 0, 50, 1);
insert into SHIPPING_RATE(DELIVERY_LOCATION, WEIGHT_CATEGORY, CASH_ON_DELIVERY, PRICE, CARRIER_ID) values ('OUTSIDE_CITY', 'KG_15_30', 1, 55, 1);
    --Aymakan
insert into SHIPPING_RATE(DELIVERY_LOCATION, WEIGHT_CATEGORY, CASH_ON_DELIVERY, PRICE, CARRIER_ID) values ('INSIDE_CITY', 'KG_0_15', 0, 18, 2);
insert into SHIPPING_RATE(DELIVERY_LOCATION, WEIGHT_CATEGORY, CASH_ON_DELIVERY, PRICE, CARRIER_ID) values ('INSIDE_CITY', 'KG_0_15', 1, 23, 2);
insert into SHIPPING_RATE(DELIVERY_LOCATION, WEIGHT_CATEGORY, CASH_ON_DELIVERY, PRICE, CARRIER_ID) values ('INSIDE_CITY', 'KG_15_30', 0, 32, 2);
insert into SHIPPING_RATE(DELIVERY_LOCATION, WEIGHT_CATEGORY, CASH_ON_DELIVERY, PRICE, CARRIER_ID) values ('INSIDE_CITY', 'KG_15_30', 1, 37, 2);
insert into SHIPPING_RATE(DELIVERY_LOCATION, WEIGHT_CATEGORY, CASH_ON_DELIVERY, PRICE, CARRIER_ID) values ('OUTSIDE_CITY', 'KG_0_15', 0, 38, 2);
insert into SHIPPING_RATE(DELIVERY_LOCATION, WEIGHT_CATEGORY, CASH_ON_DELIVERY, PRICE, CARRIER_ID) values ('OUTSIDE_CITY', 'KG_0_15', 1, 43, 2);
insert into SHIPPING_RATE(DELIVERY_LOCATION, WEIGHT_CATEGORY, CASH_ON_DELIVERY, PRICE, CARRIER_ID) values ('OUTSIDE_CITY', 'KG_15_30', 0, 48, 2);
insert into SHIPPING_RATE(DELIVERY_LOCATION, WEIGHT_CATEGORY, CASH_ON_DELIVERY, PRICE, CARRIER_ID) values ('OUTSIDE_CITY', 'KG_15_30', 1, 55, 2);
    --Tard
insert into SHIPPING_RATE(DELIVERY_LOCATION, WEIGHT_CATEGORY, CASH_ON_DELIVERY, PRICE, CARRIER_ID) values ('INSIDE_CITY', 'KG_0_15', 0, 16, 3);
insert into SHIPPING_RATE(DELIVERY_LOCATION, WEIGHT_CATEGORY, CASH_ON_DELIVERY, PRICE, CARRIER_ID) values ('INSIDE_CITY', 'KG_0_15', 1, 21, 3);
insert into SHIPPING_RATE(DELIVERY_LOCATION, WEIGHT_CATEGORY, CASH_ON_DELIVERY, PRICE, CARRIER_ID) values ('INSIDE_CITY', 'KG_15_30', 0, 32, 3);
insert into SHIPPING_RATE(DELIVERY_LOCATION, WEIGHT_CATEGORY, CASH_ON_DELIVERY, PRICE, CARRIER_ID) values ('INSIDE_CITY', 'KG_15_30', 1, 34, 3);
insert into SHIPPING_RATE(DELIVERY_LOCATION, WEIGHT_CATEGORY, CASH_ON_DELIVERY, PRICE, CARRIER_ID) values ('OUTSIDE_CITY', 'KG_0_15', 0, 41, 3);
insert into SHIPPING_RATE(DELIVERY_LOCATION, WEIGHT_CATEGORY, CASH_ON_DELIVERY, PRICE, CARRIER_ID) values ('OUTSIDE_CITY', 'KG_0_15', 1, 40, 3);
insert into SHIPPING_RATE(DELIVERY_LOCATION, WEIGHT_CATEGORY, CASH_ON_DELIVERY, PRICE, CARRIER_ID) values ('OUTSIDE_CITY', 'KG_15_30', 0, 51, 3);
insert into SHIPPING_RATE(DELIVERY_LOCATION, WEIGHT_CATEGORY, CASH_ON_DELIVERY, PRICE, CARRIER_ID) values ('OUTSIDE_CITY', 'KG_15_30', 1, 52, 3);

